ACCIDENT_NO,ACCIDENT_DATE,ACCIDENT_TIME,ACCIDENT_TYPE,ACCIDENT_TYPE_DESC,DAY_OF_WEEK,DAY_WEEK_DESC,DCA_CODE,DCA_DESC,LIGHT_CONDITION,NODE_ID_x,NO_OF_VEHICLES,NO_PERSONS_KILLED,NO_PERSONS_INJ_2,NO_PERSONS_INJ_3,NO_PERSONS_NOT_INJ,NO_PERSONS,POLICE_ATTEND,ROAD_GEOMETRY,ROAD_GEOMETRY_DESC,SEVERITY,SPEED_ZONE,RMA,NODE_ID_y,ROAD_ROUTE_1,ROAD_NAME,ROAD_TYPE,ROAD_NAME_INT,ROAD_TYPE_INT,DISTANCE_LOCATION,DIRECTION_LOCATION
T20140000971,2014-01-16,07:49:00,1,Collision with vehicle,5,Thursday,160,VEHICLE COLLIDES WITH VEHICLE PARKED ON LEFT OF ROAD,1,68094,3,0,1,0,1,2,1,2,T intersection,2,60,Arterial Other,68094,5596.0,HOTHAM,STREET,SYCAMORE,GROVE,,S
T20230003009,2023-02-02,19:00:00,1,Collision with vehicle,4,Thursday,130,REAR END(VEHICLES IN SAME LANE),2,762937,3,0,0,2,1,3,2,5,Not at intersection,3,60,Arterial Other,762937,5596.0,HOTHAM,STREET,ABECKETT,STREET,52.0,S
T20130025727,2013-12-13,22:50:00,1,Collision with vehicle,6,Friday,110,CROSS TRAFFIC(INTERSECTIONS ONLY),3,40159,2,0,0,1,2,3,1,1,Cross intersection,3,60,Arterial Other,40159,5596.0,HOTHAM,STREET,ALMA,ROAD,,S
T20200018147,2020-10-12,20:00:00,4,Collision with a fixed object,2,Monday,183,OFF LEFT BEND INTO OBJECT/PARKED VEHICLE,9,668235,1,0,1,0,0,1,1,5,Not at intersection,2,80,Arterial Other,668235,4951.0,MT BULLER,ROAD,MOUNT STIRLING,ROAD,5261.0,E
T20180014240,2018-07-29,14:50:00,6,Vehicle overturned (no collision),1,Sunday,170,OFF CARRIAGEWAY TO LEFT,1,359772,1,0,0,3,0,3,1,5,Not at intersection,3,60,Arterial Other,359772,4951.0,MT BULLER,ROAD,CARAVAN CORNER CAR PARK,ROAD,267.0,NW
T20240031053,2024-12-04,13:48:00,1,Collision with vehicle,4,Wednesday,113,RIGHT NEAR (INTERSECTIONS ONLY),1,40173,2,0,0,3,0,3,1,2,T intersection,3,60,Arterial Other,40173,5596.0,HOTHAM,STREET,MAYFIELD,STREET,,S
T20210000167,2020-12-26,12:30:00,8,No collision and no object struck,7,Saturday,184,OUT OF CONTROL ON CARRIAGEWAY (ON BEND),1,672061,1,0,1,0,0,1,2,5,Not at intersection,2,100,Arterial Other,672061,4526.0,MT BAW BAW TOURIST,ROAD,REGNANS,ROAD,721.0,S
T20120028117,2012-12-14,22:00:00,2,Struck Pedestrian,6,Friday,108,PED STRUCK WALKING TO/FROM OR BOARDING/ALIGHTING VEHICLE.,6,29406,1,0,0,1,1,2,2,1,Cross intersection,3,60,Local Road,29406,9999.0,HOTHAM,STREET,WELLINGTON,STREET,,W
T20180012378,2018-07-01,08:45:00,3,Struck animal,0,Sunday,167,STRUCK ANIMAL,1,359736,1,0,0,2,0,2,1,5,Not at intersection,3,100,Arterial Other,359736,4951.0,MT BULLER,ROAD,MIMOSA,DRIVE,432.0,SW
T20140012933,2014-06-23,19:10:00,1,Collision with vehicle,2,Monday,148,VEHICLE OFF FOOTPATH STRIKES VEH ON CARRIAGEWAY,3,40172,2,0,0,1,1,2,2,1,Cross intersection,3,50,Arterial Other,40172,5596.0,HOTHAM,STREET,MELBY,AVENUE,,S
T20210016507,2021-07-30,08:45:00,2,Struck Pedestrian,6,Friday,102,FAR SIDE. PED HIT BY VEHICLE FROM THE LEFT,1,690472,1,0,1,0,1,2,1,5,Not at intersection,2,50,Local Road,690472,9999.0,HOTHAM,ROAD,RYDER,STREET,263.0,E
T20130015156,2013-07-22,17:10:00,1,Collision with vehicle,2,Monday,110,CROSS TRAFFIC(INTERSECTIONS ONLY),1,37984,2,0,0,1,1,2,1,1,Cross intersection,3,60,Local Road,37984,9999.0,HOTHAM,STREET,RAGLAN,STREET,,S
T20140016498,2014-08-10,04:05:00,1,Collision with vehicle,1,Sunday,110,CROSS TRAFFIC(INTERSECTIONS ONLY),3,40159,2,0,1,2,1,4,1,1,Cross intersection,2,60,Arterial Other,40159,5596.0,HOTHAM,STREET,ALMA,ROAD,,S
T20220009148,2022-04-24,12:04:00,6,Vehicle overturned (no collision),1,Sunday,182,OFF CARRIAGEWAY ON LEFT BEND,1,774215,1,0,0,1,0,1,1,5,Not at intersection,3,999,Arterial Other,774215,4526.0,MT BAW BAW TOURIST,ROAD,TANJIL BREN,ROAD,15.0,SE
T20120023634,2012-10-19,18:21:00,1,Collision with vehicle,6,Friday,121,RIGHT THROUGH,1,255656,2,0,1,0,2,3,1,5,Not at intersection,2,50,Local Road,255656,9999.0,HOTHAM,STREET,CHURCH,STREET,74.0,E
T20230017672,2023-07-28,14:40:00,1,Collision with vehicle,6,Friday,113,RIGHT NEAR (INTERSECTIONS ONLY),1,40169,2,0,1,0,1,2,1,1,Cross intersection,2,60,Arterial Other,40169,5596.0,HOTHAM,STREET,ROCKBROOK,ROAD,,S
T20120023475,2012-10-17,16:30:00,1,Collision with vehicle,4,Wednesday,132,RIGHT REAR.,1,60086,2,0,0,1,2,3,1,1,Cross intersection,3,50,Arterial Other,60086,4951.0,MALCOLM STREET -MT BULLER,ROAD,ROWE,STREET,,W
T20130000359,2013-01-06,13:00:00,1,Collision with vehicle,1,Sunday,130,REAR END(VEHICLES IN SAME LANE),1,40161,2,0,0,1,1,2,2,1,Cross intersection,3,60,Arterial Other,40161,5596.0,HOTHAM,STREET,INKERMAN,STREET,,S
T20160020405,2016-09-18,12:20:00,8,No collision and no object struck,1,Sunday,184,OUT OF CONTROL ON CARRIAGEWAY (ON BEND),1,308522,1,0,1,0,0,1,9,5,Not at intersection,2,60,Arterial Other,308522,4526.0,MT BAW BAW TOURIST,ROAD,ARMISTEADS,ROAD,242.0,SW
T20190023449,2019-11-23,17:00:00,5,collision with some other object,7,Saturday,166,STRUCK OBJECT ON CARRIAGEWAY,1,611881,1,0,0,2,0,2,1,5,Not at intersection,3,60,Arterial Other,611881,4951.0,MT BULLER,ROAD,MOUNT STIRLING,ROAD,1745.0,E
T20140007572,2014-04-10,19:55:00,1,Collision with vehicle,5,Thursday,130,REAR END(VEHICLES IN SAME LANE),6,41170,2,0,1,0,3,4,2,2,T intersection,2,60,Arterial Other,41170,5596.0,HOTHAM,STREET,OAK,GROVE,,S
T20130008880,2013-03-10,02:10:00,4,Collision with a fixed object,1,Sunday,171,LEFT OFF CARRIAGEWAY INTO OBJECT/PARKED VEHICLE,5,268798,1,0,0,1,1,2,1,5,Not at intersection,3,100,Arterial Other,268798,4526.0,MT BAW BAW TOURIST,ROAD,VESPER,ROAD,1041.0,W
T20130026166,2013-12-19,13:30:00,4,Collision with a fixed object,5,Thursday,181,OFF RIGHT BEND INTO OBJECT/PARKED VEHICLE,1,277135,1,0,1,0,0,1,2,5,Not at intersection,2,999,Arterial Other,277135,4526.0,MT BAW BAW TOURIST,ROAD,OLD MT BAW BAW TOURIST,ROAD,1439.0,NE
T20150007689,2015-04-12,15:30:00,1,Collision with vehicle,1,Sunday,153,CUTTING IN (OVERTAKING),1,287833,2,0,0,1,1,2,2,5,Not at intersection,3,60,Arterial Other,287833,4951.0,MT BULLER,ROAD,MOUNT STIRLING,ROAD,192.0,E
T20120017753,2012-08-03,17:35:00,1,Collision with vehicle,6,Friday,121,RIGHT THROUGH,2,40161,2,0,0,1,1,2,1,1,Cross intersection,3,60,Arterial Other,40161,5596.0,HOTHAM,STREET,INKERMAN,STREET,,S
T20220027489,2022-12-03,15:45:00,1,Collision with vehicle,7,Saturday,116,LEFT NEAR (INTERSECTIONS ONLY),1,40160,2,0,1,0,1,2,2,2,T intersection,2,999,Arterial Other,40160,5596.0,HOTHAM,STREET,JOHNSON,STREET,,S
T20150021766,2015-10-21,09:23:00,1,Collision with vehicle,4,Wednesday,110,CROSS TRAFFIC(INTERSECTIONS ONLY),1,65895,2,0,0,1,1,2,1,1,Cross intersection,3,40,Local Road,65895,9999.0,HOTHAM,STREET,POWLETT,STREET,,E
T20140025764,2014-12-12,18:30:00,1,Collision with vehicle,6,Friday,137,LEFT TURN SIDESWIPE,1,280171,2,0,0,1,1,2,2,5,Not at intersection,3,60,Arterial Other,280171,5596.0,HOTHAM,STREET,ABECKETT,STREET,88.0,S
T20130026684,2013-12-15,16:30:00,8,No collision and no object struck,1,Sunday,184,OUT OF CONTROL ON CARRIAGEWAY (ON BEND),1,266155,1,0,0,1,0,1,2,5,Not at intersection,3,70,Arterial Other,266155,4526.0,MT BAW BAW TOURIST,ROAD,WILLOW GROVE,ROAD,58.0,E
T20150012687,2015-06-11,19:00:00,3,Struck animal,5,Thursday,167,STRUCK ANIMAL,5,290474,1,0,0,1,0,1,2,5,Not at intersection,3,60,Arterial Other,290474,4951.0,MT BULLER,ROAD,MOUNT STIRLING,ROAD,294.0,W
T20210020862,2021-07-16,11:00:00,1,Collision with vehicle,6,Friday,130,REAR END(VEHICLES IN SAME LANE),1,794875,2,0,0,1,1,2,2,5,Not at intersection,3,50,Local Road,794875,9999.0,HOTHAM,STREET,FRANKLIN,STREET,96.0,W
T20140020281,2014-10-01,16:30:00,1,Collision with vehicle,4,Wednesday,130,REAR END(VEHICLES IN SAME LANE),9,277615,2,0,0,1,1,2,2,5,Not at intersection,3,60,Arterial Other,277615,5596.0,HOTHAM,STREET,LAMBERT,GROVE,13.0,N
T20130005015,2013-02-12,05:45:00,1,Collision with vehicle,3,Tuesday,121,RIGHT THROUGH,3,41150,2,0,1,0,1,2,2,2,T intersection,2,60,Arterial Other,41150,5596.0,HOTHAM,STREET,ELM,STREET,,S
T20170001809,2017-01-29,15:00:00,1,Collision with vehicle,0,Sunday,130,REAR END(VEHICLES IN SAME LANE),1,254373,4,0,0,1,4,5,1,2,T intersection,3,60,Arterial Other,254373,5596.0,HOTHAM,STREET,HOTHAM,GROVE,,S
T20220021409,2022-09-21,06:52:00,4,Collision with a fixed object,4,Wednesday,171,LEFT OFF CARRIAGEWAY INTO OBJECT/PARKED VEHICLE,2,786045,1,0,1,0,0,1,1,5,Not at intersection,2,60,Arterial Other,786045,5596.0,HOTHAM,STREET,GLEN EIRA,ROAD,19.0,N
T20170021542,2017-11-12,11:50:00,8,No collision and no object struck,1,Sunday,189,OTHER ACCIDENTS ON CURVE NOT INCLUDED IN DCAs 180-184,1,323544,1,0,1,0,0,1,1,5,Not at intersection,2,80,Arterial Other,323544,4526.0,MT BAW BAW TOURIST,ROAD,VESPER,ROAD,187.0,NE
T20130013062,2013-06-22,23:40:00,2,Struck Pedestrian,7,Saturday,100,PED NEAR SIDE. PED HIT BY VEHICLE FROM THE RIGHT.,3,262423,1,1,0,0,1,2,1,5,Not at intersection,1,60,Arterial Other,262423,5596.0,HOTHAM,STREET,MOOLTAN,AVENUE,16.0,N
T20230021527,2023-09-02,13:14:00,6,Vehicle overturned (no collision),7,Saturday,180,OFF CARRIAGEWAY ON RIGHT BEND,1,805556,1,0,1,0,0,1,1,5,Not at intersection,2,100,Arterial Other,805556,4526.0,MT BAW BAW TOURIST,ROAD,WILLOW GROVE,ROAD,1810.0,E
T20160027103,2016-12-16,08:33:00,1,Collision with vehicle,5,Friday,121,RIGHT THROUGH,1,29406,3,0,1,0,2,3,1,1,Cross intersection,2,50,Local Road,29406,9999.0,HOTHAM,STREET,WELLINGTON,STREET,,W
T20230024917,2023-10-25,12:15:00,1,Collision with vehicle,3,Wednesday,130,REAR END(VEHICLES IN SAME LANE),1,792175,3,0,0,1,2,3,1,5,Not at intersection,3,60,Arterial Other,792175,5596.0,HOTHAM,STREET,ABECKETT,STREET,56.0,S
T20200016296,2020-09-07,18:38:00,4,Collision with a fixed object,2,Monday,171,LEFT OFF CARRIAGEWAY INTO OBJECT/PARKED VEHICLE,3,667632,1,0,1,0,0,1,1,5,Not at intersection,2,60,Arterial Other,667632,5596.0,HOTHAM,STREET,ABECKETT,STREET,92.0,S
T20190013021,2019-07-13,12:20:00,1,Collision with vehicle,7,Saturday,120,HEAD ON (NOT OVERTAKING),1,347469,2,0,2,0,2,4,1,5,Not at intersection,2,40,Arterial Other,347469,4951.0,MT BULLER,ROAD,BOGGY CORNER CAR PARK,ROAD,3485.0,N
T20130016570,2013-08-11,14:45:00,6,Vehicle overturned (no collision),1,Sunday,180,OFF CARRIAGEWAY ON RIGHT BEND,1,262853,2,0,0,1,4,5,1,5,Not at intersection,3,100,Arterial Other,262853,4526.0,MT BAW BAW TOURIST,ROAD,TOORONGO TANJIL LINK,ROAD,450.0,E
T20150003030,2015-01-31,22:00:00,2,Struck Pedestrian,7,Saturday,100,PED NEAR SIDE. PED HIT BY VEHICLE FROM THE RIGHT.,3,40161,1,0,1,0,1,2,2,1,Cross intersection,2,60,Arterial Other,40161,5596.0,HOTHAM,STREET,INKERMAN,STREET,,S
T20240012835,2024-05-20,07:45:00,1,Collision with vehicle,1,Monday,110,CROSS TRAFFIC(INTERSECTIONS ONLY),1,8078,2,0,0,1,1,2,2,1,Cross intersection,3,50,,8078,-1.0,HOTHAM,,,,,NK
T20190009108,2019-05-15,09:00:00,1,Collision with vehicle,4,Wednesday,140,U TURN,1,350013,2,0,1,0,1,2,1,5,Not at intersection,2,50,Local Road,350013,9999.0,HOTHAM,STREET,CHURCH,STREET,109.0,E
T20240024591,2024-09-28,14:45:00,4,Collision with a fixed object,7,Saturday,181,OFF RIGHT BEND INTO OBJECT/PARKED VEHICLE,1,814724,1,0,1,0,0,1,1,5,Not at intersection,2,80,Arterial Other,814724,4526.0,MT BAW BAW TOURIST,ROAD,VESPER,ROAD,175.0,NE
T20220014343,2022-06-25,20:10:00,1,Collision with vehicle,7,Saturday,160,VEHICLE COLLIDES WITH VEHICLE PARKED ON LEFT OF ROAD,3,719394,3,0,0,1,0,1,1,5,Not at intersection,3,60,Arterial Other,719394,5596.0,HOTHAM,STREET,MOOLTAN,AVENUE,16.0,S
T20240016720,2024-07-02,14:35:00,1,Collision with vehicle,3,Tuesday,120,HEAD ON (NOT OVERTAKING),1,806423,2,0,5,3,2,10,1,5,Not at intersection,2,80,Arterial Other,806423,4951.0,MT BULLER,ROAD,MOUNT STIRLING,ROAD,1130.0,W
T20230014255,2023-04-04,21:00:00,1,Collision with vehicle,2,Tuesday,137,LEFT TURN SIDESWIPE,6,67655,2,0,0,1,1,2,2,2,T intersection,3,60,Arterial Other,67655,5596.0,HOTHAM,STREET,FULTON,STREET,,S
T20210026892,2021-12-30,14:53:00,4,Collision with a fixed object,5,Thursday,173,RIGHT OFF CARRIAGEWAY INTO OBJECT/PARKED VEHICLE,1,707214,1,0,0,1,0,1,1,5,Not at intersection,3,60,Arterial Other,707214,4526.0,MT BAW BAW TOURIST,ROAD,BENNETT,STREET,18.0,W
T20190010945,2019-06-12,09:26:00,1,Collision with vehicle,3,Wednesday,130,REAR END(VEHICLES IN SAME LANE),1,620498,4,0,0,1,3,4,1,5,Not at intersection,3,60,Arterial Other,620498,5596.0,HOTHAM,STREET,DANDENONG,ROAD,46.0,S
T20160010883,2016-05-15,12:30:00,6,Vehicle overturned (no collision),1,Sunday,184,OUT OF CONTROL ON CARRIAGEWAY (ON BEND),1,303676,1,0,1,0,0,1,2,2,T intersection,2,100,Arterial Other,303676,4526.0,MT BAW BAW TOURIST,ROAD,OLD FUMINA,ROAD,10.0,SW
T20240001567,2024-01-21,15:10:00,1,Collision with vehicle,1,Sunday,134,LANE CHANGE RIGHT (NOT OVERTAKING),1,797822,2,0,0,1,1,2,1,2,T intersection,3,100,Arterial Other,797822,4951.0,MT BULLER,ROAD,MANSFIELD-WOODS POINT,ROAD,,W
T20220023630,2022-10-19,15:30:00,3,Struck animal,3,Wednesday,167,STRUCK ANIMAL,1,731905,1,0,1,0,0,1,2,5,Not at intersection,2,60,Arterial Other,731905,4526.0,MT BAW BAW TOURIST,ROAD,WILLOW GROVE,ROAD,3141.0,E
T20140017572,2014-08-25,08:35:00,1,Collision with vehicle,2,Monday,121,RIGHT THROUGH,1,29406,2,0,0,1,1,2,1,1,Cross intersection,3,50,Local Road,29406,9999.0,HOTHAM,STREET,WELLINGTON,STREET,,W
T20120017422,2012-07-28,22:30:00,4,Collision with a fixed object,7,Saturday,171,LEFT OFF CARRIAGEWAY INTO OBJECT/PARKED VEHICLE,5,253746,1,0,1,0,2,3,2,5,Not at intersection,2,60,Arterial Other,253746,4526.0,MT BAW BAW TOURIST,ROAD,BEECH,TRAIL,1054.0,SW
T20140004492,2014-03-02,13:30:00,4,Collision with a fixed object,0,Sunday,183,OFF LEFT BEND INTO OBJECT/PARKED VEHICLE,1,270064,1,0,0,1,0,1,1,5,Not at intersection,3,100,Arterial Other,270064,4526.0,MT BAW BAW TOURIST,ROAD,WILLOW GROVE,ROAD,838.0,E
T20180010953,2018-06-11,07:00:00,1,Collision with vehicle,2,Monday,148,VEHICLE OFF FOOTPATH STRIKES VEH ON CARRIAGEWAY,1,331427,2,0,0,1,0,1,1,2,T intersection,3,60,Arterial Other,331427,5596.0,HOTHAM,STREET,MAYFIELD,STREET,7.0,N
T20170004892,2017-03-10,15:40:00,2,Struck Pedestrian,6,Friday,102,FAR SIDE. PED HIT BY VEHICLE FROM THE LEFT,1,315260,1,0,0,1,1,2,1,5,Not at intersection,3,50,Arterial Other,315260,4951.0,MOUNT BULLER,ROAD,HIGHETT,STREET,124.0,E
T20130021035,2013-10-11,09:45:00,1,Collision with vehicle,6,Friday,130,REAR END(VEHICLES IN SAME LANE),1,40161,2,0,1,1,1,3,2,1,Cross intersection,2,999,Arterial Other,40161,5596.0,HOTHAM,STREET,INKERMAN,STREET,,S
T20230014529,2023-06-22,13:20:00,1,Collision with vehicle,5,Thursday,120,HEAD ON (NOT OVERTAKING),1,776323,2,0,1,5,1,7,1,5,Not at intersection,2,60,Arterial Other,776323,4951.0,MT BULLER,ROAD,BOGGY CORNER CAR PARK,ROAD,4080.0,N
T20180005789,2018-03-26,17:13:00,4,Collision with a fixed object,2,Monday,183,OFF LEFT BEND INTO OBJECT/PARKED VEHICLE,2,330898,1,0,1,0,0,1,1,5,Not at intersection,2,60,Arterial Other,330898,4951.0,MT BULLER,ROAD,BOGGY CORNER CAR PARK,ROAD,2726.0,N
T20230000980,2023-01-14,11:40:00,1,Collision with vehicle,6,Saturday,130,REAR END(VEHICLES IN SAME LANE),1,748042,2,0,1,0,3,4,1,5,Not at intersection,2,60,Arterial Other,748042,5596.0,HOTHAM,STREET,BIBLE,STREET,45.0,N
T20220026235,2022-10-26,17:40:00,1,Collision with vehicle,4,Wednesday,137,LEFT TURN SIDESWIPE,9,29406,2,0,0,1,1,2,2,1,Cross intersection,3,50,Local Road,29406,9999.0,HOTHAM,STREET,WELLINGTON,STREET,,W
T20200005172,2020-03-03,16:10:00,1,Collision with vehicle,3,Tuesday,110,CROSS TRAFFIC(INTERSECTIONS ONLY),1,37041,2,0,1,0,1,2,1,1,Cross intersection,2,50,Local Road,37041,9999.0,HOTHAM,STREET,SIMPSON,STREET,,E
T20190009071,2019-05-14,16:35:00,1,Collision with vehicle,3,Tuesday,121,RIGHT THROUGH,1,67884,2,0,1,0,1,2,1,2,T intersection,2,60,Arterial Other,67884,5596.0,HOTHAM,STREET,ABECKETT,STREET,,S
T20220024525,2022-10-25,06:40:00,1,Collision with vehicle,3,Tuesday,142,LEAVING PARKING,2,769523,2,0,0,1,1,2,2,5,Not at intersection,3,60,Arterial Other,769523,5596.0,HOTHAM,STREET,CARLISLE,STREET,81.0,N
T20230010858,2023-05-09,13:56:00,2,Struck Pedestrian,2,Tuesday,100,PED NEAR SIDE. PED HIT BY VEHICLE FROM THE RIGHT.,1,40161,3,0,1,1,4,6,1,1,Cross intersection,2,40,Arterial Other,40161,5596.0,HOTHAM,STREET,INKERMAN,STREET,,S
T20160026142,2016-12-04,10:00:00,1,Collision with vehicle,1,Sunday,110,CROSS TRAFFIC(INTERSECTIONS ONLY),1,29406,2,0,0,2,2,4,1,1,Cross intersection,3,40,Local Road,29406,9999.0,HOTHAM,STREET,WELLINGTON,STREET,,W
T20170018067,2017-09-20,18:50:00,1,Collision with vehicle,4,Wednesday,140,U TURN,3,321741,2,0,1,0,1,2,1,5,Not at intersection,2,60,Arterial Other,321741,5596.0,HOTHAM,STREET,ABECKETT,STREET,36.0,S
T20120027389,2012-12-06,21:45:00,4,Collision with a fixed object,5,Thursday,183,OFF LEFT BEND INTO OBJECT/PARKED VEHICLE,5,269609,1,0,0,1,0,1,1,5,Not at intersection,3,80,Arterial Other,269609,4951.0,MT BULLER,ROAD,MOUNT STIRLING,ROAD,5286.0,E
T20170022524,2017-11-25,08:50:00,1,Collision with vehicle,7,Saturday,121,RIGHT THROUGH,1,40172,2,0,1,0,1,2,1,1,Cross intersection,2,60,Arterial Other,40172,5596.0,HOTHAM,STREET,MELBY,AVENUE,,S
T20220006470,2022-03-22,18:55:00,1,Collision with vehicle,3,Tuesday,110,CROSS TRAFFIC(INTERSECTIONS ONLY),2,40300,2,0,1,0,5,6,1,1,Cross intersection,2,50,Local Road,40300,9999.0,HOTHAM,ROAD,NEWMAN,STREET,,NW
T20190023138,2019-11-20,10:51:00,1,Collision with vehicle,4,Wednesday,130,REAR END(VEHICLES IN SAME LANE),1,606844,3,0,2,0,5,7,1,5,Not at intersection,2,50,Arterial Other,606844,5596.0,HOTHAM,STREET,BIBLE,STREET,31.0,S
T20190018053,2019-09-17,10:24:00,1,Collision with vehicle,3,Tuesday,160,VEHICLE COLLIDES WITH VEHICLE PARKED ON LEFT OF ROAD,1,588158,2,0,1,1,2,4,1,5,Not at intersection,2,50,Local Road,588158,9999.0,HOTHAM,STREET,CHURCH,STREET,111.0,E
T20170001785,2017-01-14,14:00:00,8,No collision and no object struck,7,Saturday,174,OUT OF CONTROL ON CARRIAGEWAY (ON STRAIGHT),1,313435,1,0,1,0,0,1,2,5,Not at intersection,2,999,Arterial Other,313435,4951.0,MOUNT BULLER,ROAD,MOUNT STIRLING,ROAD,789.0,E
T20120012876,2012-06-01,23:45:00,1,Collision with vehicle,6,Friday,133,LANE SIDE SWIPE (VEHICLES IN PARALLEL LANES),3,252570,2,0,1,0,1,2,1,5,Not at intersection,2,60,Arterial Other,252570,5596.0,HOTHAM,STREET,ELM,STREET,47.0,S
T20190008195,2019-05-01,16:11:00,4,Collision with a fixed object,4,Wednesday,181,OFF RIGHT BEND INTO OBJECT/PARKED VEHICLE,1,579675,1,0,1,0,0,1,1,5,Not at intersection,2,60,Arterial Other,579675,4951.0,MT BULLER,ROAD,BOGGY CORNER CAR PARK,ROAD,753.0,N
T20200008858,2020-05-04,08:30:00,1,Collision with vehicle,2,Monday,145,REVERSING IN STREAM OF TRAFFIC,1,651738,2,0,0,1,1,2,1,5,Not at intersection,3,60,Arterial Other,651738,5596.0,HOTHAM,STREET,ROCKBROOK,ROAD,13.0,S
T20150026323,2015-12-16,16:25:00,1,Collision with vehicle,4,Wednesday,110,CROSS TRAFFIC(INTERSECTIONS ONLY),1,37984,2,0,0,1,1,2,1,1,Cross intersection,3,50,Local Road,37984,9999.0,HOTHAM,STREET,RAGLAN,STREET,,S
T20220007197,2022-03-29,17:30:00,1,Collision with vehicle,2,Tuesday,130,REAR END(VEHICLES IN SAME LANE),1,710142,4,0,0,1,3,4,2,5,Not at intersection,3,40,Arterial Other,710142,5596.0,HOTHAM,STREET,MILLER,STREET,23.0,S
T20140006087,2014-03-20,17:15:00,8,No collision and no object struck,5,Thursday,174,OUT OF CONTROL ON CARRIAGEWAY (ON STRAIGHT),2,270032,2,0,0,1,1,2,2,5,Not at intersection,3,60,Arterial Other,270032,5596.0,HOTHAM,STREET,CARLISLE,STREET,45.0,S
T20170002883,2017-02-12,17:00:00,4,Collision with a fixed object,1,Sunday,181,OFF RIGHT BEND INTO OBJECT/PARKED VEHICLE,1,315361,1,0,1,0,0,1,1,5,Not at intersection,2,80,Arterial Other,315361,4526.0,MOUNT BAW BAW,ROAD,OLD FUMINA,ROAD,264.0,SW
T20190000715,2019-01-08,14:45:00,2,Struck Pedestrian,2,Tuesday,107,PED ON FOOTHPATH STRUCK BY VEHENTERING/LEAVING DRIVEWAY.,1,341863,1,0,0,1,1,2,2,5,Not at intersection,3,50,Local Road,341863,9999.0,STIRLING,DRIVE,ST ROBBINS,AVENUE,27.0,W
T20220005859,2022-03-15,08:45:00,1,Collision with vehicle,3,Tuesday,115,RIGHT/LEFT FAR (INTERSECTIONS ONLY),1,40162,2,0,0,1,1,2,2,2,T intersection,3,50,Arterial Other,40162,5596.0,HOTHAM,STREET,MOOLTAN,AVENUE,,S
T20190015453,2019-08-16,10:16:00,1,Collision with vehicle,6,Friday,121,RIGHT THROUGH,1,67655,2,0,1,0,1,2,1,2,T intersection,2,60,Arterial Other,67655,5596.0,HOTHAM,STREET,FULTON,STREET,,S
T20220006930,2021-10-30,15:14:00,1,Collision with vehicle,7,Saturday,130,REAR END(VEHICLES IN SAME LANE),1,778796,2,0,0,1,1,2,2,5,Not at intersection,3,50,Arterial Other,778796,5596.0,HOTHAM,STREET,LAMBERT,GROVE,43.0,S
T20170024109,2017-12-17,16:40:00,4,Collision with a fixed object,0,Sunday,181,OFF RIGHT BEND INTO OBJECT/PARKED VEHICLE,1,324959,1,0,0,1,0,1,1,5,Not at intersection,3,80,Arterial Other,324959,4526.0,MT BAW BAW TOURIST,ROAD,VESPER,ROAD,608.0,NE
T20160022738,2016-10-20,19:34:00,1,Collision with vehicle,5,Thursday,110,CROSS TRAFFIC(INTERSECTIONS ONLY),2,37041,2,0,1,0,1,2,1,1,Cross intersection,2,40,Local Road,37041,9999.0,HOTHAM,STREET,SIMPSON,STREET,,E
T20240029407,2024-11-18,15:40:00,1,Collision with vehicle,1,Monday,110,CROSS TRAFFIC(INTERSECTIONS ONLY),1,40159,2,0,0,1,1,2,1,1,Cross intersection,3,50,Arterial Other,40159,5596.0,HOTHAM,STREET,ALMA,ROAD,,S
T20120016673,2012-07-21,07:15:00,1,Collision with vehicle,7,Saturday,110,CROSS TRAFFIC(INTERSECTIONS ONLY),1,40159,3,0,0,2,4,6,1,1,Cross intersection,3,60,Arterial Other,40159,5596.0,HOTHAM,STREET,ALMA,ROAD,,S
T20170006018,2017-03-25,12:30:00,6,Vehicle overturned (no collision),7,Saturday,180,OFF CARRIAGEWAY ON RIGHT BEND,1,315591,1,0,0,1,0,1,1,5,Not at intersection,3,80,Arterial Other,315591,4951.0,MOUNT BULLER,ROAD,ALPINE RIDGE,DRIVE,338.0,N
T20170005332,2017-03-16,17:25:00,1,Collision with vehicle,5,Thursday,130,REAR END(VEHICLES IN SAME LANE),1,315320,5,0,1,2,2,5,1,5,Not at intersection,2,60,Arterial Other,315320,5596.0,HOTHAM,STREET,BIBLE,STREET,54.0,N
T20200015051,2020-08-11,09:45:00,1,Collision with vehicle,3,Tuesday,132,RIGHT REAR.,1,40169,2,0,0,2,0,2,1,1,Cross intersection,3,60,Arterial Other,40169,5596.0,HOTHAM,STREET,ROCKBROOK,ROAD,,S
T20240026044,2024-10-07,12:30:00,1,Collision with vehicle,2,Monday,130,REAR END(VEHICLES IN SAME LANE),1,809747,2,0,0,1,1,2,2,2,T intersection,3,999,Arterial Other,809747,5596.0,HOTHAM,STREET,BRIGHTON,ROAD,6.0,N
T20230029976,2023-12-09,15:25:00,1,Collision with vehicle,7,Saturday,130,REAR END(VEHICLES IN SAME LANE),1,797734,2,0,0,1,2,3,2,5,Not at intersection,3,999,Arterial Other,797734,5596.0,HOTHAM,STREET,ELM,STREET,65.0,S
T20140013306,2014-06-23,18:30:00,1,Collision with vehicle,2,Monday,130,REAR END(VEHICLES IN SAME LANE),2,274984,3,0,0,1,2,3,2,5,Not at intersection,3,50,Arterial Other,274984,5596.0,HOTHAM,STREET,GLEN EIRA,ROAD,37.0,N
T20140003797,2014-02-23,13:00:00,6,Vehicle overturned (no collision),1,Sunday,180,OFF CARRIAGEWAY ON RIGHT BEND,1,267698,1,0,0,1,0,1,1,5,Not at intersection,3,100,Arterial Other,267698,4526.0,MT BAW BAW TOURIST,ROAD,WILLOW GROVE,ROAD,1338.0,E
T20120019117,2012-08-21,17:55:00,1,Collision with vehicle,3,Tuesday,130,REAR END(VEHICLES IN SAME LANE),3,254373,4,0,0,1,4,5,1,2,T intersection,3,60,Arterial Other,254373,5596.0,HOTHAM,STREET,HOTHAM,GROVE,,S
T20120026077,2012-11-21,08:30:00,1,Collision with vehicle,4,Wednesday,160,VEHICLE COLLIDES WITH VEHICLE PARKED ON LEFT OF ROAD,1,256296,2,0,1,0,0,1,1,5,Not at intersection,2,60,Arterial Other,256296,5596.0,HOTHAM,STREET,FULTON,STREET,42.0,S
T20130013422,2013-06-28,10:00:00,1,Collision with vehicle,6,Friday,146,REVERSING INTO FIXED OBJECT/PARKED VEHICLE,1,261460,3,0,1,0,1,2,1,5,Not at intersection,2,50,Local Road,261460,9999.0,STIRLING,CRESCENT,CANTERBURY,ROAD,69.0,N
T20120021055,2012-09-16,12:45:00,4,Collision with a fixed object,1,Sunday,181,OFF RIGHT BEND INTO OBJECT/PARKED VEHICLE,1,255238,1,0,0,1,2,3,1,5,Not at intersection,3,60,Arterial Other,255238,4526.0,MT BAW BAW TOURIST,ROAD,MT BAW BAW TOURIST,ROAD,196.0,SE
T20210022748,2021-10-23,18:33:00,1,Collision with vehicle,7,Saturday,110,CROSS TRAFFIC(INTERSECTIONS ONLY),1,36854,2,0,0,1,1,2,2,1,Cross intersection,3,50,Local Road,36854,9999.0,HOTHAM,STREET,NORMANBY,STREET,,S
T20140013504,2014-06-08,08:10:00,2,Struck Pedestrian,1,Sunday,107,PED ON FOOTHPATH STRUCK BY VEHENTERING/LEAVING DRIVEWAY.,2,274163,1,0,1,0,1,2,2,5,Not at intersection,2,999,Arterial Other,274163,5596.0,HOTHAM,STREET,MOOLTAN,AVENUE,39.0,S
T20240017614,2024-07-11,17:50:00,2,Struck Pedestrian,4,Thursday,102,FAR SIDE. PED HIT BY VEHICLE FROM THE LEFT,2,806309,1,0,0,1,1,2,2,5,Not at intersection,3,70,Local Road,806309,9999.0,HOTHAM,STREET,BELL,STREET,26.0,S
T20170011536,2017-06-07,09:15:00,8,No collision and no object struck,4,Wednesday,174,OUT OF CONTROL ON CARRIAGEWAY (ON STRAIGHT),1,318963,1,0,0,1,0,1,2,2,T intersection,3,50,Arterial Other,318963,4951.0,MOUNT BULLER,ROAD,MALCOLM,STREET,,N
T20240024463,2024-09-27,12:00:00,8,No collision and no object struck,6,Friday,180,OFF CARRIAGEWAY ON RIGHT BEND,1,814610,1,0,1,0,0,1,1,5,Not at intersection,2,80,Arterial Other,814610,4526.0,MT BAW BAW TOURIST,ROAD,YARRA JUNCTION-NOOJEE,ROAD,1152.0,E
T20150027003,2015-12-04,15:00:00,1,Collision with vehicle,5,Friday,130,REAR END(VEHICLES IN SAME LANE),1,298199,2,0,0,1,1,2,2,2,T intersection,3,999,Arterial Other,298199,5596.0,HOTHAM,STREET,MILLER,STREET,,S
T20240014968,2024-06-12,19:00:00,4,Collision with a fixed object,4,Wednesday,183,OFF LEFT BEND INTO OBJECT/PARKED VEHICLE,5,805822,1,0,0,1,0,1,1,5,Not at intersection,3,60,Arterial Other,805822,4951.0,MT BULLER,ROAD,MOUNT STIRLING,ROAD,389.0,W
T20240029706,2024-11-21,12:20:00,2,Struck Pedestrian,5,Thursday,100,PED NEAR SIDE. PED HIT BY VEHICLE FROM THE RIGHT.,1,94761,1,0,1,0,1,2,1,1,Cross intersection,2,60,Arterial Other,94761,5596.0,HOTHAM,STREET,GLEN EIRA,ROAD,,S
T20120016050,2012-07-12,14:10:00,6,Vehicle overturned (no collision),5,Thursday,172,OFF CARRIAGEWAY TO RIGHT,1,253603,1,0,1,4,0,5,1,5,Not at intersection,2,100,Arterial Other,253603,4951.0,MT BULLER,ROAD,GRAMMAR SCHOOL,ROAD,1065.0,E
T20210015560,2021-07-14,21:00:00,2,Struck Pedestrian,4,Wednesday,102,FAR SIDE. PED HIT BY VEHICLE FROM THE LEFT,3,690643,1,0,1,0,1,2,1,5,Not at intersection,2,60,Arterial Other,690643,5596.0,HOTHAM,STREET,DANDENONG,ROAD,43.0,S
T20170020633,2017-10-29,11:28:00,3,Struck animal,1,Sunday,167,STRUCK ANIMAL,1,323263,1,0,0,1,0,1,1,5,Not at intersection,3,80,Arterial Other,323263,4526.0,MT BAW BAW TOURIST,ROAD,TOORONGO VALLEY,ROAD,291.0,SW
T20240019530,2024-07-20,16:15:00,1,Collision with vehicle,6,Saturday,153,CUTTING IN (OVERTAKING),1,819117,2,0,0,1,2,3,2,5,Not at intersection,3,999,Arterial Other,819117,4526.0,MT BAW BAW TOURIST,ROAD,WILLOW GROVE,ROAD,1603.0,E
T20130008047,2013-04-18,22:20:00,4,Collision with a fixed object,5,Thursday,173,RIGHT OFF CARRIAGEWAY INTO OBJECT/PARKED VEHICLE,3,261953,1,0,1,0,1,2,1,5,Not at intersection,2,50,Local Road,261953,9999.0,STIRLING,AVENUE,REBECCA,COURT,20.0,S
T20240008805,2024-04-08,11:10:00,8,No collision and no object struck,2,Monday,184,OUT OF CONTROL ON CARRIAGEWAY (ON BEND),1,803909,1,0,0,1,0,1,2,5,Not at intersection,3,80,Arterial Other,803909,4526.0,MT BAW BAW TOURIST,ROAD,VESPER,ROAD,443.0,SW
T20190003206,2019-02-19,08:05:00,4,Collision with a fixed object,2,Tuesday,181,OFF RIGHT BEND INTO OBJECT/PARKED VEHICLE,1,342429,1,0,0,3,0,3,1,5,Not at intersection,3,80,Arterial Other,342429,4526.0,MT BAW BAW TOURIST,ROAD,VESPER,ROAD,1205.0,NE
T20120005954,2012-03-11,12:40:00,8,No collision and no object struck,1,Sunday,179,OTHER ACCIDENTS-OFF STRAIGHT NOT INCLUDED IN DCAs 170-175,1,250478,1,0,0,1,0,1,2,5,Not at intersection,3,100,Arterial Other,250478,4526.0,MT BAW BAW TOURIST,ROAD,BALLANTYNES,ROAD,146.0,E
T20210008073,2021-04-10,12:10:00,1,Collision with vehicle,7,Saturday,110,CROSS TRAFFIC(INTERSECTIONS ONLY),1,37041,2,0,0,1,1,2,1,1,Cross intersection,3,60,Local Road,37041,9999.0,HOTHAM,STREET,SIMPSON,STREET,,E
T20190015965,2019-07-15,18:30:00,1,Collision with vehicle,1,Monday,110,CROSS TRAFFIC(INTERSECTIONS ONLY),3,65895,2,0,0,1,1,2,2,1,Cross intersection,3,50,Local Road,65895,9999.0,HOTHAM,STREET,POWLETT,STREET,,E
T20240000305,2024-01-05,09:16:00,1,Collision with vehicle,6,Friday,115,RIGHT/LEFT FAR (INTERSECTIONS ONLY),1,795397,2,0,0,1,1,2,2,2,T intersection,3,50,Local Road,795397,9999.0,HOTHAM,STREET,GREIG,STREET,,W
T20150004458,2015-02-27,15:00:00,1,Collision with vehicle,5,Friday,130,REAR END(VEHICLES IN SAME LANE),1,293854,2,0,0,1,1,2,2,5,Not at intersection,3,50,Arterial Other,293854,5596.0,HOTHAM,STREET,JOHNSON,STREET,29.0,N
T20190015393,2019-08-14,08:58:00,1,Collision with vehicle,4,Wednesday,142,LEAVING PARKING,1,579692,2,0,0,1,1,2,1,5,Not at intersection,3,50,Local Road,579692,9999.0,HOTHAM,STREET,PHELANS,LANE,16.0,E
T20200018326,2020-10-17,18:35:00,1,Collision with vehicle,7,Saturday,147,VEHICLE STRIKES ANOTHER VEH WHILE EMERGING FROM DRIVEWAY,1,665116,2,0,0,1,3,4,1,5,Not at intersection,3,50,Local Road,665116,9999.0,HOTHAM,STREET,YOUNG,STREET,68.0,N
T20220015995,2022-07-17,17:00:00,1,Collision with vehicle,1,Sunday,131,LEFT REAR,2,264915,2,0,0,2,3,5,1,1,Cross intersection,3,80,Arterial Other,264915,4951.0,MT BULLER,ROAD,CROSBYS,LANE,,NW
T20210018533,2021-09-02,07:43:00,2,Struck Pedestrian,5,Thursday,100,PED NEAR SIDE. PED HIT BY VEHICLE FROM THE RIGHT.,1,694664,2,0,1,0,1,2,1,5,Not at intersection,2,50,Arterial Other,694664,5596.0,HOTHAM,STREET,MILLER,STREET,13.0,S
T20230026104,2023-11-07,22:00:00,1,Collision with vehicle,2,Tuesday,110,CROSS TRAFFIC(INTERSECTIONS ONLY),3,94761,2,0,0,2,1,3,1,1,Cross intersection,3,60,Arterial Other,94761,5596.0,HOTHAM,STREET,GLEN EIRA,ROAD,,S
T20150008497,2015-04-22,12:00:00,8,No collision and no object struck,3,Wednesday,184,OUT OF CONTROL ON CARRIAGEWAY (ON BEND),9,289299,1,0,0,1,0,1,2,5,Not at intersection,3,999,Arterial Other,289299,4951.0,MT BULLER,ROAD,BOGGY CORNER CAR PARK,ROAD,3440.0,N
T20200006694,2020-03-17,16:10:00,1,Collision with vehicle,2,Tuesday,121,RIGHT THROUGH,1,351283,2,0,0,1,2,3,1,2,T intersection,3,40,Arterial Other,351283,5596.0,HOTHAM,STREET,MCHENRY,STREET,,S
T20180021315,2018-10-16,12:30:00,1,Collision with vehicle,2,Tuesday,132,RIGHT REAR.,9,41170,2,0,0,1,1,2,2,2,T intersection,3,999,Arterial Other,41170,5596.0,HOTHAM,STREET,OAK,GROVE,,S
T20180001727,2018-01-28,09:30:00,4,Collision with a fixed object,1,Sunday,183,OFF LEFT BEND INTO OBJECT/PARKED VEHICLE,1,326464,1,1,0,0,0,1,1,5,Not at intersection,1,60,Arterial Other,326464,4951.0,MT BULLER,ROAD,MOUNT STIRLING,ROAD,3947.0,E
T20160004072,2016-02-23,17:34:00,1,Collision with vehicle,3,Tuesday,130,REAR END(VEHICLES IN SAME LANE),1,303932,3,0,1,0,3,4,1,2,T intersection,2,60,Arterial Other,303932,5596.0,HOTHAM,STREET,HOTHAM,GROVE,5.0,N
T20190017747,2019-09-13,12:15:00,1,Collision with vehicle,5,Friday,130,REAR END(VEHICLES IN SAME LANE),1,618460,2,0,0,1,2,3,1,1,Cross intersection,3,50,Arterial Other,618460,5596.0,HOTHAM,STREET,TALBOT,AVENUE,8.0,N
T20200020559,2020-11-10,09:00:00,1,Collision with vehicle,2,Tuesday,130,REAR END(VEHICLES IN SAME LANE),1,679535,2,0,0,1,1,2,2,5,Not at intersection,3,60,Arterial Other,679535,5596.0,HOTHAM,STREET,MELBY,AVENUE,19.0,S
T20160009937,2016-05-06,15:00:00,8,No collision and no object struck,6,Friday,149,OTHER MANOEUVRING NOT INCLUDED IN DCAs 140-148,1,303253,1,0,0,1,0,1,2,5,Not at intersection,3,60,Arterial Other,303253,4951.0,MT BULLER,ROAD,BOGGY CORNER CAR PARK,ROAD,1921.0,N
T20230023688,2023-10-11,11:02:00,1,Collision with vehicle,4,Wednesday,111,RIGHT FAR (INTERSECTIONS ONLY),1,782740,2,0,0,1,1,2,1,1,Cross intersection,3,60,Arterial Other,782740,5596.0,HOTHAM,STREET,ALMA,ROAD,6.0,S
T20190003455,2019-02-22,12:00:00,4,Collision with a fixed object,6,Friday,181,OFF RIGHT BEND INTO OBJECT/PARKED VEHICLE,1,342939,1,0,0,1,0,1,1,5,Not at intersection,3,100,Arterial Other,342939,4526.0,MT BAW BAW TOURIST,ROAD,VESPER,ROAD,379.0,SW
T20150006671,2015-03-29,13:20:00,6,Vehicle overturned (no collision),1,Sunday,174,OUT OF CONTROL ON CARRIAGEWAY (ON STRAIGHT),1,67655,1,0,1,0,0,1,1,2,T intersection,2,60,Arterial Other,67655,5596.0,HOTHAM,STREET,FULTON,STREET,,S
T20120004510,2012-02-23,15:00:00,7,Fall from or in moving vehicle,5,Thursday,190,FELL IN/FROM VEHICLE,1,52174,1,0,2,0,1,3,1,2,T intersection,2,50,Local Road,52174,9999.0,BAW BAW,STREET,SCOTT,AVENUE,,N
T20130001144,2013-01-17,18:10:00,1,Collision with vehicle,5,Thursday,110,CROSS TRAFFIC(INTERSECTIONS ONLY),1,37041,2,0,0,2,0,2,1,1,Cross intersection,3,50,Local Road,37041,9999.0,HOTHAM,STREET,SIMPSON,STREET,,E
T20130001988,2013-01-28,18:00:00,1,Collision with vehicle,2,Monday,120,HEAD ON (NOT OVERTAKING),1,257575,2,0,1,0,1,2,1,5,Not at intersection,2,100,Arterial Other,257575,4526.0,MT BAW BAW TOURIST,ROAD,BIG TREE,ROAD,112.0,SW
T20190015362,2019-08-15,07:53:00,1,Collision with vehicle,4,Thursday,110,CROSS TRAFFIC(INTERSECTIONS ONLY),1,37041,2,0,0,1,1,2,1,1,Cross intersection,3,50,Local Road,37041,9999.0,HOTHAM,STREET,SIMPSON,STREET,,E
T20220013899,2022-05-20,09:00:00,1,Collision with vehicle,5,Friday,130,REAR END(VEHICLES IN SAME LANE),1,726091,2,0,0,1,1,2,2,1,Cross intersection,3,50,Arterial Other,726091,5596.0,HOTHAM,STREET,CARLISLE,STREET,8.0,N
T20210016404,2021-07-09,17:10:00,1,Collision with vehicle,6,Friday,130,REAR END(VEHICLES IN SAME LANE),2,691027,2,0,0,1,1,2,2,5,Not at intersection,3,60,Arterial Other,691027,5596.0,HOTHAM,STREET,ABECKETT,STREET,16.0,S
T20180001888,2018-01-31,11:02:00,1,Collision with vehicle,4,Wednesday,110,CROSS TRAFFIC(INTERSECTIONS ONLY),1,37041,2,0,0,1,1,2,1,1,Cross intersection,3,50,Local Road,37041,9999.0,HOTHAM,STREET,SIMPSON,STREET,,E
T20190013358,2019-07-13,16:30:00,4,Collision with a fixed object,7,Saturday,183,OFF LEFT BEND INTO OBJECT/PARKED VEHICLE,9,347964,1,0,0,1,0,1,2,5,Not at intersection,3,999,Arterial Other,347964,4526.0,MT BAW BAW TOURIST,ROAD,OLD MT BAW BAW TOURIST,ROAD,754.0,NE
T20210019938,2021-09-27,12:05:00,1,Collision with vehicle,2,Monday,160,VEHICLE COLLIDES WITH VEHICLE PARKED ON LEFT OF ROAD,1,695631,2,0,1,0,0,1,1,5,Not at intersection,2,60,Local Road,695631,9999.0,HOTHAM,ROAD,NORMANBY,ROAD,185.0,NE
T20240024701,2024-09-27,11:30:00,6,Vehicle overturned (no collision),6,Friday,184,OUT OF CONTROL ON CARRIAGEWAY (ON BEND),1,809130,1,0,0,1,0,1,2,5,Not at intersection,3,80,Arterial Other,809130,4526.0,MT BAW BAW TOURIST,ROAD,BIG TREE,ROAD,593.0,E
T20220009402,2022-04-10,16:00:00,1,Collision with vehicle,1,Sunday,137,LEFT TURN SIDESWIPE,1,40161,2,0,0,1,1,2,2,1,Cross intersection,3,60,Arterial Other,40161,5596.0,HOTHAM,STREET,INKERMAN,STREET,,S
T20170001908,2017-01-24,16:12:00,1,Collision with vehicle,3,Tuesday,113,RIGHT NEAR (INTERSECTIONS ONLY),1,40161,2,0,0,1,1,2,2,1,Cross intersection,3,60,Arterial Other,40161,5596.0,HOTHAM,STREET,INKERMAN,STREET,,S
T20200011202,2020-06-10,15:15:00,1,Collision with vehicle,3,Wednesday,163,VEHICLE STRIKES DOOR OF PARKED/STATIONARY VEHICLE,1,656929,2,0,0,1,1,2,2,5,Not at intersection,3,50,Local Road,656929,9999.0,HOTHAM,STREET,BRIGHTON,AVENUE,48.0,N
T20140010953,2014-05-26,06:00:00,1,Collision with vehicle,2,Monday,140,U TURN,3,271918,2,0,0,1,1,2,2,5,Not at intersection,3,60,Arterial Other,271918,5596.0,HOTHAM,STREET,MOOLTAN,AVENUE,35.0,N
T20230017759,2023-07-30,14:30:00,1,Collision with vehicle,1,Sunday,110,CROSS TRAFFIC(INTERSECTIONS ONLY),1,65895,2,0,0,1,1,2,2,1,Cross intersection,3,50,Local Road,65895,9999.0,HOTHAM,STREET,POWLETT,STREET,,E
T20150025235,2015-12-02,12:00:00,1,Collision with vehicle,3,Wednesday,147,VEHICLE STRIKES ANOTHER VEH WHILE EMERGING FROM DRIVEWAY,1,297680,2,0,0,1,1,2,2,5,Not at intersection,3,60,Arterial Other,297680,5596.0,HOTHAM,STREET,MOOLTAN,AVENUE,49.0,N
T20150003870,2015-02-22,16:30:00,4,Collision with a fixed object,1,Sunday,183,OFF LEFT BEND INTO OBJECT/PARKED VEHICLE,1,287060,1,0,2,1,1,4,1,5,Not at intersection,2,100,Arterial Other,287060,4526.0,MT BAW BAW TOURIST,ROAD,REGNANS,ROAD,346.0,S
T20190000803,2019-01-14,15:20:00,1,Collision with vehicle,1,Monday,110,CROSS TRAFFIC(INTERSECTIONS ONLY),1,40159,2,0,1,0,1,2,1,1,Cross intersection,2,50,Arterial Other,40159,5596.0,HOTHAM,STREET,ALMA,ROAD,,S
T20200005074,2020-02-22,16:00:00,1,Collision with vehicle,6,Saturday,140,U TURN,1,642207,2,0,0,1,0,1,2,5,Not at intersection,3,60,Arterial Other,642207,5596.0,HOTHAM,STREET,DENMAN,AVENUE,41.0,S
T20140021968,2014-10-24,10:00:00,1,Collision with vehicle,6,Friday,142,LEAVING PARKING,1,277253,2,0,1,0,1,2,1,5,Not at intersection,2,60,Arterial Other,277253,5596.0,HOTHAM,STREET,OAK,GROVE,47.0,S
T20120008680,2012-04-13,12:38:00,1,Collision with vehicle,6,Friday,121,RIGHT THROUGH,1,32495,2,0,1,0,3,4,1,2,T intersection,2,60,Arterial Other,32495,5596.0,HOTHAM,STREET,DAVIS,STREET,,S
T20120028410,2012-11-19,09:00:00,1,Collision with vehicle,2,Monday,121,RIGHT THROUGH,1,68113,2,0,0,1,1,2,2,2,T intersection,3,60,Arterial Other,68113,5596.0,HOTHAM,STREET,ELM,GROVE,,S
T20120026087,2012-11-21,07:30:00,1,Collision with vehicle,4,Wednesday,121,RIGHT THROUGH,1,40159,2,0,0,1,1,2,2,1,Cross intersection,3,60,Arterial Other,40159,5596.0,HOTHAM,STREET,ALMA,ROAD,,S
T20160022828,2016-10-08,14:30:00,1,Collision with vehicle,7,Saturday,120,HEAD ON (NOT OVERTAKING),1,309684,2,0,0,1,2,3,1,5,Not at intersection,3,100,Arterial Other,309684,4526.0,MT BAW BAW TOURIST,ROAD,REGNANS,ROAD,548.0,NE
T20150000033,2014-12-09,14:30:00,1,Collision with vehicle,3,Tuesday,113,RIGHT NEAR (INTERSECTIONS ONLY),1,280809,2,0,0,1,1,2,1,2,T intersection,3,70,Local Road,280809,9999.0,HOTHAM,ROAD,HOTHAM ALT,ROAD,,E
T20200017187,2020-09-19,10:00:00,1,Collision with vehicle,7,Saturday,147,VEHICLE STRIKES ANOTHER VEH WHILE EMERGING FROM DRIVEWAY,1,668999,2,0,1,0,1,2,2,5,Not at intersection,2,999,Arterial Other,668999,5596.0,HOTHAM,STREET,BIBLE,STREET,32.0,S
T20150020684,2015-10-06,20:15:00,2,Struck Pedestrian,3,Tuesday,102,FAR SIDE. PED HIT BY VEHICLE FROM THE LEFT,3,40161,1,0,0,1,1,2,1,1,Cross intersection,3,60,Arterial Other,40161,5596.0,HOTHAM,STREET,INKERMAN,STREET,,S
T20170023527,2017-12-09,10:30:00,4,Collision with a fixed object,6,Saturday,183,OFF LEFT BEND INTO OBJECT/PARKED VEHICLE,1,325048,1,0,1,0,0,1,1,2,T intersection,2,80,Arterial Other,325048,4526.0,MT BAW BAW TOURIST,ROAD,BALLANTYNES,ROAD,,NW
T20120003808,2012-02-16,16:15:00,1,Collision with vehicle,5,Thursday,110,CROSS TRAFFIC(INTERSECTIONS ONLY),1,65895,2,0,0,1,1,2,2,1,Cross intersection,3,50,Local Road,65895,9999.0,HOTHAM,STREET,POWLETT,STREET,,E
T20130017761,2013-08-28,17:30:00,2,Struck Pedestrian,4,Wednesday,109,ANY MANOEUVRE INVOLVING PED NOT INCLUDED IN DCAs 100-108.,1,263076,1,0,0,1,1,2,2,5,Not at intersection,3,999,Arterial Other,263076,4951.0,MT BULLER,ROAD,DELATITE,LANE,13.0,SW
T20190025148,2019-12-12,17:00:00,1,Collision with vehicle,4,Thursday,110,CROSS TRAFFIC(INTERSECTIONS ONLY),1,37041,2,0,0,1,1,2,1,1,Cross intersection,3,50,Local Road,37041,9999.0,HOTHAM,STREET,SIMPSON,STREET,,E
T20230022698,2023-09-20,19:15:00,1,Collision with vehicle,3,Wednesday,130,REAR END(VEHICLES IN SAME LANE),2,94761,2,0,0,1,1,2,1,1,Cross intersection,3,50,Arterial Other,94761,5596.0,HOTHAM,STREET,GLEN EIRA,ROAD,,S
T20170018489,2016-08-01,17:45:00,1,Collision with vehicle,1,Monday,110,CROSS TRAFFIC(INTERSECTIONS ONLY),6,37041,2,0,0,1,1,2,2,1,Cross intersection,3,999,Local Road,37041,9999.0,HOTHAM,STREET,SIMPSON,STREET,,E
T20180022871,2018-12-06,09:50:00,2,Struck Pedestrian,5,Thursday,101,PED EMERGES FROM IN FRONT OF PARKED OR STATIONARY VEHICLE,1,339995,1,0,0,1,1,2,1,5,Not at intersection,3,60,Arterial Other,339995,5596.0,HOTHAM,STREET,CARLISLE,STREET,103.0,N
T20240018937,2024-07-24,16:00:00,1,Collision with vehicle,3,Wednesday,130,REAR END(VEHICLES IN SAME LANE),1,810175,2,0,0,1,1,2,2,5,Not at intersection,3,40,Arterial Other,810175,5596.0,HOTHAM,STREET,WAVENHOE,AVENUE,13.0,S
T20200011276,2020-06-11,15:10:00,1,Collision with vehicle,5,Thursday,133,LANE SIDE SWIPE (VEHICLES IN PARALLEL LANES),1,658318,2,0,0,1,1,2,1,5,Not at intersection,3,40,Arterial Other,658318,5596.0,HOTHAM,STREET,ABECKETT,STREET,51.0,N
T20200018398,2020-10-19,11:40:00,4,Collision with a fixed object,2,Monday,183,OFF LEFT BEND INTO OBJECT/PARKED VEHICLE,1,665036,1,0,1,0,0,1,1,5,Not at intersection,2,60,Arterial Other,665036,4951.0,MT BULLER,ROAD,BOGGY CORNER CAR PARK,ROAD,1178.0,N
T20150003869,2015-02-22,14:00:00,4,Collision with a fixed object,1,Sunday,183,OFF LEFT BEND INTO OBJECT/PARKED VEHICLE,1,287059,1,0,0,1,1,2,1,5,Not at intersection,3,100,Arterial Other,287059,4526.0,MT BAW BAW TOURIST,ROAD,BALLANTYNES,ROAD,401.0,E
T20160014984,2016-07-09,15:31:00,1,Collision with vehicle,7,Saturday,160,VEHICLE COLLIDES WITH VEHICLE PARKED ON LEFT OF ROAD,1,310568,2,0,4,0,0,4,1,5,Not at intersection,2,100,Arterial Other,310568,4951.0,MT BULLER,ROAD,BUTTERCUP,ROAD,267.0,W
T20220021584,2022-09-24,06:55:00,1,Collision with vehicle,6,Saturday,110,CROSS TRAFFIC(INTERSECTIONS ONLY),1,40159,2,0,2,0,1,3,1,1,Cross intersection,2,60,Arterial Other,40159,5596.0,HOTHAM,STREET,ALMA,ROAD,,S
T20220011442,2022-05-20,21:44:00,2,Struck Pedestrian,6,Friday,100,PED NEAR SIDE. PED HIT BY VEHICLE FROM THE RIGHT.,3,254373,1,0,2,0,1,3,1,2,T intersection,2,60,Arterial Other,254373,5596.0,HOTHAM,STREET,HOTHAM,GROVE,,S
T20140026928,2014-12-28,12:10:00,4,Collision with a fixed object,1,Sunday,181,OFF RIGHT BEND INTO OBJECT/PARKED VEHICLE,1,289222,1,0,1,0,0,1,1,5,Not at intersection,2,100,Arterial Other,289222,4526.0,MT BAW BAW TOURIST,ROAD,YARRA JUNCTION-NOOJEE,ROAD,1237.0,E
T20150020981,2015-10-10,16:30:00,8,No collision and no object struck,7,Saturday,180,OFF CARRIAGEWAY ON RIGHT BEND,1,294910,2,0,1,0,0,1,1,5,Not at intersection,2,100,Arterial Other,294910,4526.0,MT BAW BAW TOURIST,ROAD,VESPER,ROAD,106.0,SW
T20140005898,2014-03-19,17:45:00,1,Collision with vehicle,4,Wednesday,110,CROSS TRAFFIC(INTERSECTIONS ONLY),2,29406,2,0,0,1,1,2,2,1,Cross intersection,3,60,Local Road,29406,9999.0,HOTHAM,STREET,WELLINGTON,STREET,,W
T20150004553,2015-02-23,11:15:00,6,Vehicle overturned (no collision),2,Monday,180,OFF CARRIAGEWAY ON RIGHT BEND,1,282859,1,0,0,1,0,1,2,5,Not at intersection,3,100,Arterial Other,282859,4526.0,MT BAW BAW TOURIST,ROAD,YARRA JUNCTION-NOOJEE,ROAD,1043.0,E
T20130007131,2013-04-06,10:15:00,4,Collision with a fixed object,7,Saturday,181,OFF RIGHT BEND INTO OBJECT/PARKED VEHICLE,1,259288,1,0,1,0,0,1,1,5,Not at intersection,2,100,Arterial Other,259288,4526.0,MT BAW BAW TOURIST,ROAD,WILLOW GROVE,ROAD,59.0,E
T20220003440,2022-02-14,19:30:00,1,Collision with vehicle,2,Monday,160,VEHICLE COLLIDES WITH VEHICLE PARKED ON LEFT OF ROAD,1,704829,2,0,1,0,0,1,2,5,Not at intersection,2,60,Arterial Other,704829,5596.0,HOTHAM,STREET,MOOLTAN,AVENUE,32.0,N
T20160019989,2016-07-24,15:30:00,8,No collision and no object struck,0,Sunday,182,OFF CARRIAGEWAY ON LEFT BEND,1,308429,1,0,0,1,0,1,2,5,Not at intersection,3,80,Arterial Other,308429,4526.0,MT BAW BAW TOURIST,ROAD,VESPER,ROAD,642.0,NE
T20130020668,2013-10-07,15:47:00,1,Collision with vehicle,2,Monday,110,CROSS TRAFFIC(INTERSECTIONS ONLY),1,264915,2,0,0,4,1,5,1,1,Cross intersection,3,80,Arterial Other,264915,4951.0,MT BULLER,ROAD,CROSBYS,LANE,,NW
T20150005782,2015-03-08,16:00:00,8,No collision and no object struck,0,Sunday,180,OFF CARRIAGEWAY ON RIGHT BEND,1,287151,1,0,0,1,0,1,2,5,Not at intersection,3,999,Arterial Other,287151,4526.0,MT BAW BAW TOURIST,ROAD,CAR PARK 5,ROAD,185.0,N
T20220008450,2022-04-14,19:00:00,4,Collision with a fixed object,5,Thursday,181,OFF RIGHT BEND INTO OBJECT/PARKED VEHICLE,2,713631,1,0,0,1,0,1,1,5,Not at intersection,3,80,Arterial Other,713631,4526.0,MT BAW BAW TOURIST,ROAD,REGNANS,ROAD,1507.0,NE
T20150001727,2015-01-18,12:15:00,8,No collision and no object struck,1,Sunday,180,OFF CARRIAGEWAY ON RIGHT BEND,1,281308,1,0,0,1,0,1,2,5,Not at intersection,3,80,Arterial Other,281308,4526.0,MT BAW BAW TOURIST,ROAD,TOORONGO TANJIL LINK,ROAD,853.0,N
T20130017796,2013-08-16,09:10:00,1,Collision with vehicle,6,Friday,130,REAR END(VEHICLES IN SAME LANE),1,40161,2,0,0,1,1,2,2,1,Cross intersection,3,60,Arterial Other,40161,5596.0,HOTHAM,STREET,INKERMAN,STREET,,S
T20200018268,2020-09-29,17:20:00,1,Collision with vehicle,2,Tuesday,163,VEHICLE STRIKES DOOR OF PARKED/STATIONARY VEHICLE,1,674590,2,0,0,1,1,2,2,5,Not at intersection,3,60,Arterial Other,674590,5596.0,HOTHAM,STREET,MELBY,AVENUE,47.0,S
T20200010915,2020-05-26,16:10:00,1,Collision with vehicle,3,Tuesday,121,RIGHT THROUGH,1,663048,2,0,1,0,0,1,2,5,Not at intersection,2,50,Arterial Other,663048,5596.0,HOTHAM,STREET,MOOLTAN,AVENUE,46.0,N
T20190018724,2019-09-04,12:43:00,1,Collision with vehicle,4,Wednesday,130,REAR END(VEHICLES IN SAME LANE),1,619047,2,0,0,2,1,3,9,5,Not at intersection,3,999,Arterial Other,619047,5596.0,HOTHAM,STREET,ALMA,ROAD,13.0,S
T20140011380,2014-06-02,13:35:00,1,Collision with vehicle,2,Monday,145,REVERSING IN STREAM OF TRAFFIC,1,275326,2,0,0,1,2,3,1,5,Not at intersection,3,50,Local Road,275326,9999.0,HOTHAM,STREET,FRANKLIN,STREET,30.0,W
T20140009384,2014-05-07,08:00:00,2,Struck Pedestrian,4,Wednesday,100,PED NEAR SIDE. PED HIT BY VEHICLE FROM THE RIGHT.,1,40159,1,0,0,1,1,2,1,1,Cross intersection,3,60,Arterial Other,40159,5596.0,HOTHAM,STREET,ALMA,ROAD,,S
T20170000856,2017-01-15,08:20:00,4,Collision with a fixed object,1,Sunday,173,RIGHT OFF CARRIAGEWAY INTO OBJECT/PARKED VEHICLE,1,313193,1,0,0,1,0,1,1,1,Cross intersection,3,60,Arterial Other,313193,5596.0,HOTHAM,STREET,TALBOT,AVENUE,10.0,N
T20220026720,2022-11-24,21:58:00,1,Collision with vehicle,5,Thursday,113,RIGHT NEAR (INTERSECTIONS ONLY),3,63385,2,0,0,1,1,2,1,2,T intersection,3,50,Local Road,63385,9999.0,HOTHAM,STREET,MONTAGUE,STREET,,S
T20150009094,2015-04-29,18:00:00,1,Collision with vehicle,4,Wednesday,137,LEFT TURN SIDESWIPE,2,36590,2,0,0,1,1,2,2,2,T intersection,3,40,Local Road,36590,9999.0,HOTHAM,STREET,SMITH,STREET,,W
T20130008328,2013-04-10,10:40:00,8,No collision and no object struck,4,Wednesday,170,OFF CARRIAGEWAY TO LEFT,1,268725,2,0,0,1,1,2,2,5,Not at intersection,3,60,Arterial Other,268725,4951.0,MT BULLER,ROAD,DELATITE,LANE,171.0,NE
T20190004124,2019-03-03,17:39:00,1,Collision with vehicle,1,Sunday,140,U TURN,1,343051,2,0,0,1,1,2,1,2,T intersection,3,60,Arterial Other,343051,5596.0,HOTHAM,STREET,LAMBERT,GROVE,3.0,N
T20140016015,2014-08-03,18:35:00,1,Collision with vehicle,1,Sunday,110,CROSS TRAFFIC(INTERSECTIONS ONLY),3,264915,2,0,0,2,1,3,1,1,Cross intersection,3,100,Arterial Other,264915,4951.0,MT BULLER,ROAD,CROSBYS,LANE,,NW
T20180024530,2018-12-30,13:40:00,8,No collision and no object struck,1,Sunday,180,OFF CARRIAGEWAY ON RIGHT BEND,1,340747,1,0,1,0,0,1,1,5,Not at intersection,2,80,Arterial Other,340747,4526.0,MT BAW BAW TOURIST,ROAD,TANJIL BREN,ROAD,1815.0,N
T20130003171,2013-01-25,13:45:00,8,No collision and no object struck,6,Friday,174,OUT OF CONTROL ON CARRIAGEWAY (ON STRAIGHT),1,40159,1,0,0,1,0,1,2,1,Cross intersection,3,50,Arterial Other,40159,5596.0,HOTHAM,STREET,ALMA,ROAD,,S
T20130023094,2013-11-05,07:05:00,6,Vehicle overturned (no collision),3,Tuesday,174,OUT OF CONTROL ON CARRIAGEWAY (ON STRAIGHT),1,40161,2,0,0,1,1,2,1,1,Cross intersection,3,60,Arterial Other,40161,5596.0,HOTHAM,STREET,INKERMAN,STREET,,S
T20240008481,2024-04-04,15:00:00,1,Collision with vehicle,5,Thursday,136,RIGHT TURN SIDESWIPE,1,800951,2,1,1,0,1,3,1,5,Not at intersection,1,100,Arterial Other,800951,4951.0,MT BULLER,ROAD,MANSFIELD-WOODS POINT,ROAD,171.0,E
T20240030756,2024-12-01,14:00:00,1,Collision with vehicle,1,Sunday,134,LANE CHANGE RIGHT (NOT OVERTAKING),1,811893,2,0,0,1,1,2,1,1,Cross intersection,3,60,Arterial Other,811893,5596.0,HOTHAM,STREET,CARLISLE,STREET,5.0,S
T20140011846,2014-03-18,23:30:00,4,Collision with a fixed object,2,Tuesday,183,OFF LEFT BEND INTO OBJECT/PARKED VEHICLE,5,271569,1,0,0,1,0,1,2,5,Not at intersection,3,999,Arterial Other,271569,4526.0,MT BAW BAW TOURIST,ROAD,OLD MT BAW BAW TOURIST,ROAD,525.0,SW
T20160016542,2016-07-29,12:30:00,4,Collision with a fixed object,6,Friday,181,OFF RIGHT BEND INTO OBJECT/PARKED VEHICLE,1,307967,2,0,0,3,1,4,1,5,Not at intersection,3,80,Arterial Other,307967,4951.0,MT BULLER,ROAD,ALPINE RIDGE,DRIVE,285.0,N
T20210019909,2021-09-23,12:20:00,6,Vehicle overturned (no collision),5,Thursday,184,OUT OF CONTROL ON CARRIAGEWAY (ON BEND),1,694667,1,0,0,1,0,1,2,5,Not at intersection,3,999,Arterial Other,694667,4526.0,MOUNT BAW BAW,ROAD,MT BAW BAW TOURIST,ROAD,653.0,SE
T20210017284,2021-08-10,14:40:00,2,Struck Pedestrian,3,Tuesday,100,PED NEAR SIDE. PED HIT BY VEHICLE FROM THE RIGHT.,1,690447,1,0,1,1,0,2,1,5,Not at intersection,2,777,Local Road,690447,9999.0,FALLS CREEK,ROAD,CHRISTIE,STREET,31.0,E
T20170013135,2017-07-06,06:45:00,2,Struck Pedestrian,5,Thursday,100,PED NEAR SIDE. PED HIT BY VEHICLE FROM THE RIGHT.,3,40161,1,0,0,1,1,2,1,1,Cross intersection,3,60,Arterial Other,40161,5596.0,HOTHAM,STREET,INKERMAN,STREET,,S
T20220017418,2022-07-19,18:00:00,1,Collision with vehicle,2,Tuesday,130,REAR END(VEHICLES IN SAME LANE),2,351283,3,0,0,1,2,3,2,2,T intersection,3,60,Arterial Other,351283,5596.0,HOTHAM,STREET,MCHENRY,STREET,,S
T20160012252,2016-05-31,06:45:00,1,Collision with vehicle,2,Tuesday,121,RIGHT THROUGH,3,40161,2,0,0,1,1,2,2,1,Cross intersection,3,60,Arterial Other,40161,5596.0,HOTHAM,STREET,INKERMAN,STREET,,S
T20190013776,2019-07-24,08:05:00,1,Collision with vehicle,4,Wednesday,121,RIGHT THROUGH,1,68219,2,0,0,1,1,2,1,1,Cross intersection,3,60,Arterial Other,68219,5596.0,HOTHAM,STREET,QUAT QUATTA,AVENUE,,S
T20210003121,2021-01-24,11:00:00,4,Collision with a fixed object,0,Sunday,189,OTHER ACCIDENTS ON CURVE NOT INCLUDED IN DCAs 180-184,1,729586,2,0,0,1,1,2,2,5,Not at intersection,3,80,Arterial Other,729586,4526.0,MT BAW BAW TOURIST,ROAD,BEECH,TRAIL,,SW
T20150014183,2015-07-02,21:45:00,4,Collision with a fixed object,5,Thursday,183,OFF LEFT BEND INTO OBJECT/PARKED VEHICLE,5,291339,1,0,0,1,2,3,2,5,Not at intersection,3,60,Arterial Other,291339,4951.0,MT BULLER,ROAD,BOGGY CORNER CAR PARK,ROAD,946.0,N
T20210001332,2021-01-07,14:30:00,1,Collision with vehicle,4,Thursday,130,REAR END(VEHICLES IN SAME LANE),1,674637,2,0,0,1,1,2,2,5,Not at intersection,3,100,Arterial Other,674637,4526.0,MT BAW BAW TOURIST,ROAD,GOODWOOD,STREET,1423.0,W
T20220021493,2022-09-23,01:51:00,4,Collision with a fixed object,5,Friday,181,OFF RIGHT BEND INTO OBJECT/PARKED VEHICLE,5,741893,1,0,1,0,1,2,1,5,Not at intersection,2,60,Local Road,741893,9999.0,STIRLING,ROAD,HIGHVIEW,RISE,89.0,NE
T20150023629,2015-11-09,12:15:00,8,No collision and no object struck,2,Monday,180,OFF CARRIAGEWAY ON RIGHT BEND,1,296112,1,0,1,0,0,1,2,5,Not at intersection,2,999,Arterial Other,296112,4526.0,MT BAW BAW TOURIST,ROAD,VESPER,ROAD,275.0,NE
T20220003489,2022-02-13,12:00:00,8,No collision and no object struck,1,Sunday,184,OUT OF CONTROL ON CARRIAGEWAY (ON BEND),1,704949,1,0,1,0,0,1,2,5,Not at intersection,2,999,Arterial Other,704949,4526.0,MT BAW BAW TOURIST,ROAD,YARRA JUNCTION-NOOJEE,ROAD,1702.0,E
T20130007387,2013-04-09,18:06:00,1,Collision with vehicle,3,Tuesday,121,RIGHT THROUGH,2,40172,2,0,0,1,1,2,1,1,Cross intersection,3,60,Arterial Other,40172,5596.0,HOTHAM,STREET,MELBY,AVENUE,,S
T20150025544,2015-12-09,17:30:00,1,Collision with vehicle,4,Wednesday,121,RIGHT THROUGH,1,41150,2,1,0,0,1,2,1,2,T intersection,1,60,Arterial Other,41150,5596.0,HOTHAM,STREET,ELM,STREET,,S
T20140026851,2014-12-27,07:45:00,1,Collision with vehicle,7,Saturday,137,LEFT TURN SIDESWIPE,1,32495,2,0,0,1,1,2,1,2,T intersection,3,60,Arterial Other,32495,5596.0,HOTHAM,STREET,DAVIS,STREET,,S
T20170022646,2017-11-27,08:22:00,1,Collision with vehicle,2,Monday,110,CROSS TRAFFIC(INTERSECTIONS ONLY),1,37041,2,0,1,0,1,2,1,1,Cross intersection,2,50,Local Road,37041,9999.0,HOTHAM,STREET,SIMPSON,STREET,,E
T20180001935,2018-02-01,08:30:00,7,Fall from or in moving vehicle,5,Thursday,190,FELL IN/FROM VEHICLE,1,326639,1,0,0,1,1,2,1,5,Not at intersection,3,999,Arterial Other,326639,5596.0,HOTHAM,STREET,ABECKETT,STREET,72.0,S
T20180002728,2018-02-12,21:22:00,1,Collision with vehicle,2,Monday,120,HEAD ON (NOT OVERTAKING),3,327753,2,0,0,3,0,3,1,5,Not at intersection,3,60,Arterial Other,327753,5596.0,HOTHAM,STREET,CARLISLE,STREET,76.0,N
T20160011724,2016-05-28,17:15:00,4,Collision with a fixed object,7,Saturday,171,LEFT OFF CARRIAGEWAY INTO OBJECT/PARKED VEHICLE,2,304250,1,0,0,3,1,4,1,5,Not at intersection,3,100,Arterial Other,304250,4526.0,MT BAW BAW TOURIST,ROAD,BEECH,TRAIL,660.0,SW
T20240013571,2024-05-28,10:52:00,1,Collision with vehicle,3,Tuesday,140,U TURN,1,804270,2,0,0,1,1,2,1,5,Not at intersection,3,60,Arterial Other,804270,5596.0,HOTHAM,STREET,BIBLE,STREET,55.0,N
T20170004760,2017-02-20,15:15:00,1,Collision with vehicle,1,Monday,130,REAR END(VEHICLES IN SAME LANE),1,40173,2,0,0,1,1,2,1,2,T intersection,3,60,Arterial Other,40173,5596.0,HOTHAM,STREET,MAYFIELD,STREET,,S
T20150016370,2015-08-06,13:50:00,1,Collision with vehicle,5,Thursday,147,VEHICLE STRIKES ANOTHER VEH WHILE EMERGING FROM DRIVEWAY,1,292556,2,0,1,1,1,3,1,5,Not at intersection,2,60,Arterial Other,292556,5596.0,HOTHAM,STREET,ROCKBROOK,ROAD,25.0,N
T20120002293,2012-01-30,18:10:00,4,Collision with a fixed object,2,Monday,179,OTHER ACCIDENTS-OFF STRAIGHT NOT INCLUDED IN DCAs 170-175,1,249250,1,0,0,1,1,2,1,5,Not at intersection,3,80,Arterial Other,249250,4951.0,MT BULLER,ROAD,TIN HUT,LANE,216.0,E
T20180000405,2018-01-06,17:50:00,1,Collision with vehicle,7,Saturday,120,HEAD ON (NOT OVERTAKING),1,325730,3,0,0,3,5,8,1,5,Not at intersection,3,100,Arterial Other,325730,4951.0,MT BULLER,ROAD,GRAVES,ROAD,53.0,E
T20150018503,2015-09-05,14:50:00,4,Collision with a fixed object,7,Saturday,183,OFF LEFT BEND INTO OBJECT/PARKED VEHICLE,1,293955,1,0,0,2,0,2,1,5,Not at intersection,3,80,Arterial Other,293955,4951.0,MT BULLER,ROAD,MIMOSA,DRIVE,823.0,NE
T20140015063,2014-07-21,16:00:00,9,Other accident,2,Monday,198,OTHER ACCIDENTS NOT CLASSIFIABLE ELSEWHERE,2,274190,1,0,0,1,1,2,1,5,Not at intersection,3,30,Local Road,274190,9999.0,FALLS CREEK,ROAD,SITZMARK,STREET,63.0,SW
T20140015403,2014-07-26,11:00:00,8,No collision and no object struck,7,Saturday,182,OFF CARRIAGEWAY ON LEFT BEND,1,274098,1,0,0,2,3,5,2,5,Not at intersection,3,100,Arterial Other,274098,4526.0,MT BAW BAW TOURIST,ROAD,BALLANTYNES,ROAD,1416.0,E
T20240030454,2024-11-28,18:20:00,6,Vehicle overturned (no collision),5,Thursday,174,OUT OF CONTROL ON CARRIAGEWAY (ON STRAIGHT),1,811669,1,0,0,1,0,1,1,1,Cross intersection,3,40,Local Road,811669,9999.0,HOTHAM,STREET,ST DAVID,STREET,8.0,N
T20160005052,2016-03-06,13:45:00,4,Collision with a fixed object,1,Sunday,171,LEFT OFF CARRIAGEWAY INTO OBJECT/PARKED VEHICLE,9,357788,1,0,0,1,0,1,2,5,Not at intersection,3,999,Arterial Other,357788,4526.0,MT BAW BAW TOURIST,ROAD,MILL,ROAD,627.0,NW
T20150026358,2015-12-12,17:30:00,1,Collision with vehicle,7,Saturday,160,VEHICLE COLLIDES WITH VEHICLE PARKED ON LEFT OF ROAD,9,297432,2,0,0,1,0,1,2,5,Not at intersection,3,60,Arterial Other,297432,5596.0,HOTHAM,STREET,BIBLE,STREET,29.0,S
T20220028139,2022-12-04,13:30:00,1,Collision with vehicle,0,Sunday,130,REAR END(VEHICLES IN SAME LANE),1,91041,3,0,0,2,3,5,2,5,Not at intersection,3,50,Arterial Other,91041,5596.0,HOTHAM,STREET,JOHNSON,STREET,57.0,N
T20140014353,2014-07-12,11:43:00,1,Collision with vehicle,6,Saturday,130,REAR END(VEHICLES IN SAME LANE),1,272921,4,0,1,1,2,4,1,5,Not at intersection,2,50,Arterial Other,272921,5596.0,HOTHAM,STREET,HOTHAM,GROVE,54.0,N
T20150004853,2015-03-06,17:26:00,1,Collision with vehicle,6,Friday,110,CROSS TRAFFIC(INTERSECTIONS ONLY),2,40161,2,0,1,2,0,3,1,1,Cross intersection,2,60,Arterial Other,40161,5596.0,HOTHAM,STREET,INKERMAN,STREET,,S
T20140015583,2014-07-28,18:15:00,4,Collision with a fixed object,2,Monday,173,RIGHT OFF CARRIAGEWAY INTO OBJECT/PARKED VEHICLE,2,273915,1,0,0,5,0,5,1,5,Not at intersection,3,100,Arterial Other,273915,4951.0,MT BULLER,ROAD,TIN HUT,LANE,327.0,E
T20180001298,2018-01-19,19:30:00,2,Struck Pedestrian,6,Friday,100,PED NEAR SIDE. PED HIT BY VEHICLE FROM THE RIGHT.,2,40161,1,0,1,0,0,1,2,1,Cross intersection,2,50,Arterial Other,40161,5596.0,HOTHAM,STREET,INKERMAN,STREET,,S
T20160000018,2015-12-29,16:30:00,1,Collision with vehicle,2,Tuesday,140,U TURN,1,40172,2,0,1,0,1,2,1,1,Cross intersection,2,60,Arterial Other,40172,5596.0,HOTHAM,STREET,MELBY,AVENUE,,S
T20220006635,2022-03-20,13:30:00,6,Vehicle overturned (no collision),1,Sunday,180,OFF CARRIAGEWAY ON RIGHT BEND,1,708142,1,0,0,1,0,1,2,5,Not at intersection,3,80,Arterial Other,708142,4526.0,MT BAW BAW TOURIST,ROAD,BEECH,TRAIL,754.0,SW
T20140018385,2014-09-04,23:14:00,4,Collision with a fixed object,5,Thursday,171,LEFT OFF CARRIAGEWAY INTO OBJECT/PARKED VEHICLE,3,275219,1,0,1,0,0,1,1,5,Not at intersection,2,60,Arterial Other,275219,5596.0,HOTHAM,STREET,RIPON,GROVE,21.0,S
T20210018136,2021-08-25,10:18:00,3,Struck animal,3,Wednesday,167,STRUCK ANIMAL,1,691623,1,0,0,1,0,1,1,5,Not at intersection,3,100,Arterial Other,691623,4951.0,MT BULLER,ROAD,BUTTERCUP,ROAD,610.0,E
T20210013623,2021-06-21,15:20:00,1,Collision with vehicle,2,Monday,110,CROSS TRAFFIC(INTERSECTIONS ONLY),1,40300,2,0,1,1,2,4,2,1,Cross intersection,2,50,Local Road,40300,9999.0,HOTHAM,ROAD,NEWMAN,STREET,,NW
T20220013909,2022-06-10,18:45:00,1,Collision with vehicle,5,Friday,130,REAR END(VEHICLES IN SAME LANE),2,40160,2,0,0,1,1,2,2,2,T intersection,3,60,Arterial Other,40160,5596.0,HOTHAM,STREET,JOHNSON,STREET,,S
T20230013827,2023-06-14,17:30:00,6,Vehicle overturned (no collision),4,Wednesday,170,OFF CARRIAGEWAY TO LEFT,2,775918,1,0,1,0,1,2,1,5,Not at intersection,2,40,Arterial Other,775918,4951.0,MT BULLER,ROAD,DELATITE,LANE,130.0,NE
T20190005786,2019-03-17,15:20:00,2,Struck Pedestrian,1,Sunday,102,FAR SIDE. PED HIT BY VEHICLE FROM THE LEFT,1,40169,1,0,0,1,1,2,2,1,Cross intersection,3,999,Arterial Other,40169,5596.0,HOTHAM,STREET,ROCKBROOK,ROAD,,S
T20230009624,2023-04-14,14:30:00,6,Vehicle overturned (no collision),6,Friday,184,OUT OF CONTROL ON CARRIAGEWAY (ON BEND),9,771455,1,0,1,0,0,1,2,2,T intersection,2,999,Arterial Other,771455,4526.0,MT BAW BAW TOURIST,ROAD,TANJIL BREN,ROAD,,N
T20230021040,2023-09-08,10:15:00,6,Vehicle overturned (no collision),6,Friday,180,OFF CARRIAGEWAY ON RIGHT BEND,1,792073,1,0,1,1,2,4,1,5,Not at intersection,2,40,Arterial Other,792073,4951.0,MT BULLER,ROAD,DELATITE,LANE,196.0,NE
T20230014714,2023-06-24,17:36:00,1,Collision with vehicle,6,Saturday,130,REAR END(VEHICLES IN SAME LANE),3,776358,3,0,0,1,4,5,1,5,Not at intersection,3,60,Arterial Other,776358,5596.0,HOTHAM,STREET,ALMA,ROAD,12.0,S
T20120003345,2012-02-11,18:40:00,1,Collision with vehicle,7,Saturday,140,U TURN,1,249622,2,0,1,0,1,2,1,2,T intersection,2,60,Arterial Other,249622,5596.0,HOTHAM,STREET,BELL,STREET,,S
T20210002592,2021-02-05,06:40:00,1,Collision with vehicle,6,Friday,113,RIGHT NEAR (INTERSECTIONS ONLY),1,68094,3,0,1,0,1,2,1,2,T intersection,2,50,Arterial Other,68094,5596.0,HOTHAM,STREET,SYCAMORE,GROVE,,S
T20200020384,2020-11-03,11:07:00,8,No collision and no object struck,3,Tuesday,180,OFF CARRIAGEWAY ON RIGHT BEND,1,671368,1,0,1,0,0,1,2,5,Not at intersection,2,999,Arterial Other,671368,4526.0,MT BAW BAW TOURIST,ROAD,ARMISTEADS,ROAD,1240.0,SW
T20130009120,2013-05-03,07:00:00,1,Collision with vehicle,6,Friday,121,RIGHT THROUGH,3,259993,2,0,0,1,1,2,1,5,Not at intersection,3,60,Arterial Other,259993,5596.0,HOTHAM,STREET,CARLISLE,STREET,17.0,N
T20140002492,2013-11-17,12:30:00,8,No collision and no object struck,1,Sunday,180,OFF CARRIAGEWAY ON RIGHT BEND,1,266377,1,0,0,1,0,1,2,5,Not at intersection,3,80,Arterial Other,266377,4951.0,MT BULLER,ROAD,BUTTERCUP,ROAD,329.0,W
T20160020468,2016-08-07,13:00:00,4,Collision with a fixed object,1,Sunday,183,OFF LEFT BEND INTO OBJECT/PARKED VEHICLE,1,309732,1,0,0,4,1,5,2,5,Not at intersection,3,999,Arterial Other,309732,4526.0,MT BAW BAW TOURIST,ROAD,OLD MT BAW BAW TOURIST,ROAD,450.0,SW
T20210009860,2021-03-03,08:20:00,1,Collision with vehicle,4,Wednesday,137,LEFT TURN SIDESWIPE,1,693985,2,0,0,1,1,2,2,5,Not at intersection,3,40,Arterial Other,693985,5596.0,HOTHAM,STREET,ABECKETT,STREET,33.0,N
T20210010175,2021-04-29,18:20:00,1,Collision with vehicle,4,Thursday,130,REAR END(VEHICLES IN SAME LANE),3,690158,2,0,0,1,1,2,2,5,Not at intersection,3,999,Arterial Other,690158,5596.0,HOTHAM,STREET,QUAT QUATTA,AVENUE,60.0,N
T20140004530,2014-03-02,13:30:00,8,No collision and no object struck,1,Sunday,179,OTHER ACCIDENTS-OFF STRAIGHT NOT INCLUDED IN DCAs 170-175,1,270068,1,0,0,1,0,1,2,5,Not at intersection,3,80,Arterial Other,270068,4526.0,MT BAW BAW TOURIST,ROAD,OLD FUMINA,ROAD,420.0,NE
T20190014882,2019-08-08,06:50:00,1,Collision with vehicle,4,Thursday,110,CROSS TRAFFIC(INTERSECTIONS ONLY),6,37041,2,0,0,1,1,2,2,1,Cross intersection,3,60,Local Road,37041,9999.0,HOTHAM,STREET,SIMPSON,STREET,,E
T20140023445,2014-11-12,11:00:00,1,Collision with vehicle,4,Wednesday,130,REAR END(VEHICLES IN SAME LANE),1,277744,2,1,0,0,1,2,1,5,Not at intersection,1,100,Arterial Other,277744,4951.0,MT BULLER,ROAD,SCULLYS,LANE,368.0,E
T20240027417,2024-09-27,17:40:00,1,Collision with vehicle,6,Friday,118,TWO LEFT TURNING (INTERSECTIONS ONLY),1,810448,2,0,0,1,1,2,2,2,T intersection,3,50,Local Road,810448,9999.0,BULLER,STREET,BOBS,STREET,,NW
T20240023417,2024-09-15,11:50:00,1,Collision with vehicle,1,Sunday,130,REAR END(VEHICLES IN SAME LANE),1,808549,2,0,0,1,1,2,1,5,Not at intersection,3,60,Arterial Other,808549,5596.0,HOTHAM,STREET,OAK,GROVE,16.0,N
T20120003126,2012-02-07,09:15:00,1,Collision with vehicle,3,Tuesday,121,RIGHT THROUGH,1,17689,2,0,0,1,1,2,1,2,T intersection,3,50,Arterial Other,17689,4951.0,MOUNT BULLER,ROAD,THE PARADE,,,W
T20120003725,2012-02-16,12:33:00,1,Collision with vehicle,5,Thursday,121,RIGHT THROUGH,1,29406,2,0,1,0,1,2,1,1,Cross intersection,2,50,Local Road,29406,9999.0,HOTHAM,STREET,WELLINGTON,STREET,,W
T20180016476,2018-08-31,16:53:00,1,Collision with vehicle,6,Friday,110,CROSS TRAFFIC(INTERSECTIONS ONLY),2,71487,2,0,0,1,1,2,1,1,Cross intersection,3,50,Local Road,71487,9999.0,HOTHAM,STREET,LATROBE,STREET,,S
T20170014858,2017-08-01,10:39:00,4,Collision with a fixed object,3,Tuesday,173,RIGHT OFF CARRIAGEWAY INTO OBJECT/PARKED VEHICLE,1,320597,1,0,2,1,0,3,1,5,Not at intersection,2,100,Arterial Other,320597,4951.0,MT BULLER,ROAD,TIN HUT,LANE,207.0,W
T20240018117,2024-07-15,14:30:00,1,Collision with vehicle,2,Monday,183,OFF LEFT BEND INTO OBJECT/PARKED VEHICLE,1,807855,6,0,0,1,1,2,1,5,Not at intersection,3,40,Arterial Other,807855,4951.0,MT BULLER,ROAD,TIP CORNER,DRIVEWAY,34.0,N
T20130004519,2013-02-28,13:30:00,2,Struck Pedestrian,5,Thursday,109,ANY MANOEUVRE INVOLVING PED NOT INCLUDED IN DCAs 100-108.,1,40169,1,0,1,1,0,2,1,2,T intersection,2,60,Arterial Other,40169,5596.0,HOTHAM,STREET,ROCKBROOK,ROAD,,S
T20140023114,2014-11-08,00:15:00,2,Struck Pedestrian,7,Saturday,106,VEH STRIKES PED ON FOOTPATH/MEDIAN/TRAFFIC ISLAND.,6,282645,1,0,0,1,1,2,1,2,T intersection,3,50,Local Road,282645,9999.0,STIRLING,AVENUE,TERRENCE,DRIVE,4.0,SW
T20230022538,2023-07-15,23:15:00,1,Collision with vehicle,6,Saturday,163,VEHICLE STRIKES DOOR OF PARKED/STATIONARY VEHICLE,6,787513,2,0,0,1,1,2,2,5,Not at intersection,3,999,Arterial Other,787513,5596.0,HOTHAM,STREET,FULTON,STREET,51.0,S
T20210014779,2021-07-05,17:00:00,1,Collision with vehicle,2,Monday,113,RIGHT NEAR (INTERSECTIONS ONLY),1,36590,2,0,0,1,1,2,1,2,T intersection,3,50,Local Road,36590,9999.0,HOTHAM,STREET,SMITH,STREET,,W
T20150024163,2015-11-22,22:49:00,1,Collision with vehicle,1,Sunday,140,U TURN,3,357566,2,0,0,1,1,2,1,5,Not at intersection,3,60,Arterial Other,357566,5596.0,HOTHAM,STREET,SYCAMORE,GROVE,14.0,N
